<?xml version="1.0" encoding="utf-8" standalone="yes" ?>
<rss version="2.0" xmlns:atom="http://www.w3.org/2005/Atom">
  <channel>
    <title>Categories on Nejlepší knihy</title>
    <link>https://knihy.githab.io/categories/</link>
    <description>Recent content in Categories on Nejlepší knihy</description>
    <generator>Hugo -- gohugo.io</generator>
    <copyright>Veškeré materiály na těchto stránkách jsou chráněny autorským právem. Jakékoli kopírování je zakázáno.</copyright>
    
	<atom:link href="https://knihy.githab.io/categories/index.xml" rel="self" type="application/rss+xml" />
    
    
  </channel>
</rss>